{"cameraMode":{"drawMode":0,"name":"Shaded","section":"Shading Mode"},"sceneLighting":true,"audioPlay":false,"sceneViewState":{"m_AlwaysRefresh":false,"showFog":true,"showSkybox":true,"showFlares":true,"showImageEffects":true,"showParticleSystems":true,"showVisualEffectGraphs":true,"m_FxEnabled":true},"in2DMode":false,"pivot":{"x":-0.01696215569972992,"y":0.5337314605712891,"z":-14.333158493041993},"rotation":{"x":0.4559006094932556,"y":0.0066751157864928249,"z":-0.0034193298779428007,"w":0.8899992108345032},"size":2.2335288524627687,"orthographic":false}