{"cameraMode":{"drawMode":0,"name":"Shaded","section":"Shading Mode"},"sceneLighting":true,"audioPlay":false,"sceneViewState":{"m_AlwaysRefresh":false,"showFog":true,"showSkybox":true,"showFlares":true,"showImageEffects":true,"showParticleSystems":true,"showVisualEffectGraphs":true,"m_FxEnabled":true},"in2DMode":false,"pivot":{"x":-0.04331886023283005,"y":-0.08082711696624756,"z":-10.898396492004395},"rotation":{"x":-0.6905871033668518,"y":-0.00499765994027257,"z":0.004761877935379744,"w":-0.723235011100769},"size":7.291317462921143,"orthographic":false}