{"cameraMode":{"drawMode":0,"name":"Shaded","section":"Shading Mode"},"sceneLighting":true,"audioPlay":false,"sceneViewState":{"m_AlwaysRefresh":false,"showFog":true,"showSkybox":true,"showFlares":true,"showImageEffects":true,"showParticleSystems":true,"showVisualEffectGraphs":true,"m_FxEnabled":true},"in2DMode":false,"pivot":{"x":-0.02615576982498169,"y":1.6326134204864503,"z":-15.76778793334961},"rotation":{"x":0.3006393313407898,"y":-0.01430537924170494,"z":0.004509917926043272,"w":0.953620195388794},"size":1.7078253030776978,"orthographic":true}