{"cameraMode":{"drawMode":0,"name":"Shaded","section":"Shading Mode"},"sceneLighting":true,"audioPlay":false,"sceneViewState":{"m_AlwaysRefresh":false,"showFog":true,"showSkybox":true,"showFlares":true,"showImageEffects":true,"showParticleSystems":true,"showVisualEffectGraphs":true,"m_FxEnabled":true},"in2DMode":false,"pivot":{"x":-0.09789922088384628,"y":0.688936710357666,"z":-15.457839012145996},"rotation":{"x":0.3325308859348297,"y":0.008487673476338387,"z":-0.002992853056639433,"w":0.9430497288703919},"size":1.1026489734649659,"orthographic":true}