{"cameraMode":{"drawMode":0,"name":"Shaded","section":"Shading Mode"},"sceneLighting":true,"audioPlay":false,"sceneViewState":{"m_AlwaysRefresh":false,"showFog":true,"showSkybox":true,"showFlares":true,"showImageEffects":true,"showParticleSystems":true,"showVisualEffectGraphs":true,"m_FxEnabled":true},"in2DMode":false,"pivot":{"x":-1.0452061891555787,"y":1.7710915803909302,"z":-2.8486454486846926},"rotation":{"x":0.40579262375831606,"y":0.33684682846069338,"z":-0.16396507620811463,"w":0.833659827709198},"size":1.102400541305542,"orthographic":true}