{"cameraMode":{"drawMode":0,"name":"Shaded","section":"Shading Mode"},"sceneLighting":true,"audioPlay":false,"sceneViewState":{"m_AlwaysRefresh":false,"showFog":true,"showSkybox":true,"showFlares":true,"showImageEffects":true,"showParticleSystems":true,"showVisualEffectGraphs":true,"m_FxEnabled":true},"in2DMode":false,"pivot":{"x":0.2838783860206604,"y":1.5252928733825684,"z":-15.867897033691407},"rotation":{"x":0.3006393313407898,"y":-0.01430537924170494,"z":0.004509917926043272,"w":0.953620195388794},"size":2.1684024333953859,"orthographic":true}