{"cameraMode":{"drawMode":0,"name":"Shaded","section":"Shading Mode"},"sceneLighting":true,"audioPlay":false,"sceneViewState":{"m_AlwaysRefresh":false,"showFog":true,"showSkybox":true,"showFlares":true,"showImageEffects":true,"showParticleSystems":true,"showVisualEffectGraphs":true,"m_FxEnabled":true},"in2DMode":false,"pivot":{"x":0.6471583247184753,"y":-0.8469157218933106,"z":-28.822540283203126},"rotation":{"x":0.36866360902786257,"y":0.0432017557322979,"z":-0.017155252397060396,"w":0.9284001588821411},"size":3.4401228427886965,"orthographic":false}